ID,DELFI_Score
CGH20N_11,NA
CGH20N_12,NA
CGH20N_13,NA
CGH20N_14,NA
CGH20N_15,NA
CGH20N_16,NA
CGH20N_17,NA
CGH20N_18,NA
CGH20N_19,NA
CGH20N_20,NA
CGH20N_21,NA
CGH20N_22,NA
CGH20N_23,NA
CGH20N_24,NA
CGH20N_25,NA
CGH20N_26,NA
CGH20N_27,NA
CGH20N_28,NA
CGH20N_8,NA
CGH20N_9,NA
CGH20N_10,NA
CGH20N_30,NA
CGPLLU348P,0.24
CGPLLU360P,0.65
CGPLLU484P,0.07
CGPLLU629P,0.03
CGPLLU375P,0.14
CGPLLU281P,0.91
CGPLLU304P,0.35
CGPLLU323P,0.10
CGPLLU325P,0.71
CGPLLU351P,0.02
CGPLLU376P,0.60
CGPLLU380P,0.04
CGPLLU413P,0.67
CGPLLU434P,0.52
CGPLLU433P,0.66
CGPLLU454P,0.17
CGPLLU492P,0.32
CGPLLU511P,0.69
CGPLLU532P,0.21
CGPLLU555P,0.18
CGPLLU574P,0.10
CGPLLU273P,0.10
CGPLLU275P,0.08
CGPLLU485P,0.13
CGPLLU305P,0.12
CGPLLU327P,0.99
CGPLLU342P,0.17
CGPLLU352P,0.28
CGPLLU314P,0.10
CGPLLU381P,0.25
CGPLLU416P,0.29
CGPLLU418P,0.98
CGPLLU455P,0.20
CGPLLU495P,0.02
CGPLLU513P,0.26
CGPLLU557P,0.98
CGPLLU276P,0.08
CGPLLU279P,0.15
CGPLLU611P,0.16
CGPLLU308P,0.22
CGPLLU331P,0.47
CGPLLU345P,0.06
CGPLLU353P,0.10
CGPLLU382P,0.02
CGPLLU400P,0.20
CGPLLU419P,0.33
CGPLLU423P,0.51
CGPLLU438P,0.14
CGPLLU459P,0.39
CGPLLU496P,0.07
CGPLLU514P,0.18
CGPLLU562P,0.31
CGPLLU277P,0.08
CGPLLU280P,0.64
CGPLLU290P,0.23
CGPLLU309P,0.70
CGPLLU333P,0.56
CGPLLU350P,0.25
CGPLLU354P,0.70
CGPLLU441P,0.59
CGPLLU385P,0.08
CGPLLU420P,0.14
CGPLLU424P,1.00
CGPLLU444P,0.10
CGPLLU460P,0.09
CGPLLU497P,0.12
CGPLLU517P,0.24
CGPLLU563P,0.31
CGPLLU278P,0.01
CGPLLU285P,0.20
CGPLLU409P,0.36
CGPLLU310P,0.16
CGPLLU366P,0.32
CGPLLU356P,0.06
CGPLLU358P,0.04
CGPLLU386P,0.10
CGPLLU491P,0.82
CGPLLU421P,0.17
CGPLLU426P,1.00
CGPLLU448P,0.27
CGPLLU461P,0.55
CGPLLU499P,0.05
CGPLLU522P,1.00
CGPLLU564P,0.27
CGPLLU282P,0.25
CGPLLU292P,0.12
CGPLLU301P,0.30
CGPLLU315P,0.37
CGPLLU336P,0.48
CGPLLU357P,0.24
CGPLLU359P,0.07
CGPLLU387P,0.14
CGPLLU422P,0.34
CGPLLU468P,0.69
CGPLLU450P,0.32
CGPLLU462P,0.22
CGPLLU502P,0.10
CGPLLU524P,0.25
CGPLLU570P,0.19
CGPLLU363P,0.09
CGPLLU509P,0.13
CGPLLU364P,0.35
CGPLLU316P,0.50
CGPLLU443P,0.29
CGPLLU340P,0.24
CGPLLU411P,0.45
CGPLLU346P,0.22
CGPLLU503P,0.50
CGPLLU544P,0.70
CGPLLU603P,0.15
CGPLLU556P,0.44
CGPLLU586P,0.65
CGPLLU369P,0.55
CGPLLU447P,0.74
CGPLLU464P,0.59
CGPLLU317P,0.20
CGPLLU318P,0.08
CGPLLU349P,0.20
CGPLLU398P,0.63
CGPLLU326P,0.06
CGPLLU329P,0.22
CGPLLU540P,0.23
CGPLLU608P,0.46
CGPLLU610P,0.08
CGPLLU589P,0.09
CGPLLU538P,0.24
CGPLLU561P,0.44
CGPLLU627P,0.92
CGPLLU638P,0.98
CGPLLU631P,0.03
CGPLLU527P,0.26
CGPLLU361P,0.11
CGPLLU529P,0.59
CGPLLU613P,1.00
CGPLLU396P,0.53
CGPLLU542P,0.91
CGPLLU368P,0.30
CGPLLU401P,0.19
CGPLLU442P,0.12
CGPLLU619P,0.04
CGPLLU591P,0.87
CGPLLU458P,1.00
CGPLLU605P,0.04
CGPLLU510P,0.21
CGPLLU615P,0.27
CGPLLU626P,0.22
CGPLLU334P,0.32
CGPLLU355P,0.91
CGPLLU577P,0.30
CGPLLU541P,0.08
CGPLLU478P,0.96
CGPLLU437P,0.35
CGPLLU582P,0.21
CGPLLU637P,0.82
CGPLLU489P,0.35
CGPLLU293P,0.29
CGPLLU322P,0.21
CGPLLU365P,0.06
CGPLLU466P,0.28
CGPLLU307P,0.79
CGPLLU330P,0.16
CGPLLU344P,1.00
CGPLLU470P,0.39
CGPLLU535P,0.07
CGPLLU449P,0.75
CGPLLU587P,0.93
CGPLLU379P,0.16
CGPLLU311P,0.73
CGPLLU320P,0.56
CGPLLU635P,0.07
CGPLLU302P,0.90
CGPLLU372P,0.08
CGPLLU395P,0.08
CGPLLU295P,0.05
CGPLLU494P,0.13
CGPLLU406P,0.09
CGPLLU303P,0.13
CGPLLU427P,0.77
CGPLLU488P,0.29
CGPLLU606P,0.48
CGPLLU558P,0.90
CGPLLU639P,0.95
CGPLLU483P,0.99
CGPLLU592P,0.05
CGPLLU523P,0.09
CGPLLU597P,0.22
CGPLLU425P,0.08
CGPLLU362P,0.09
CGPLLU487P,0.48
CGPLLU403P,0.98
CGPLLU338P,0.03
CGPLLU324P,0.42
CGPLLU498P,0.33
CGPLLU507P,0.58
CGPLLU559P,0.46
CGPLLU473P,1.00
CGPLLU560P,0.06
CGPLLU630P,0.04
CGPLLU528P,0.35
CGPLLU550P,0.93
CGPLLU465P,0.03
CGPLLU283P,0.75
CGPLLU384P,0.80
CGPLLU388P,1.00
CGPLLU297P,0.24
CGPLLU412P,1.00
CGPLLU521P,0.01
CGPLLU628P,1.00
CGPLLU482P,1.00
CGPLLU272P,0.04
CGPLLU300P,0.25
CGPLLU407P,0.23
CGPLLU598P,0.03
CGPLLU378P,1.00
CGPLLU518P,1.00
CGPLLU525P,0.25
CGPLLU397P,0.10
CGPLLU601P,0.11
CGPLLU289P,0.06
CGPLLU472P,0.18
CGPLLU474P,0.50
CGPLLU519P,0.56
CGPLLU339P,0.05
CGPLLU371P,0.11
CGPLLU399P,0.32
CGPLLU374P,0.17
CGPLLU410P,0.19
CGPLLU552P,0.65
CGPLLU565P,0.85
CGPLLU616P,1.00
CGPLLU636P,0.99
CGPLLU457P,0.99
CGPLLU341P,0.43
CGPLLU508P,0.06
CGPLLU530P,0.56
CGPLLU288P,0.04
CGPLLU332P,0.39
CGPLLU436P,0.20
CGPLLU367P,0.48
CGPLLU430P,1.00
CGPLLU520P,0.26
CGPLLU617P,0.47
CGPLLU452P,0.99
CGPLLU553P,0.37
CGPLLU383P,1.00
CGPLLU569P,0.68
CGPLLU571P,0.35
CGPLLU634P,0.09
CGPLLU471P,0.51
CGPLLU486P,0.15
CGPLLU477P,1.00
CGPLLU402P,0.23
CGPLLU298P,0.36
CGPLLU612P,1.00
CGPLLU337P,0.40
CGPLLU456P,1.00
CGPLLU539P,0.22
CGPLLU506P,0.97
CGPLLU547P,0.12
CGPLLU566P,1.00
CGPLLU585P,0.68
CGPLLU572P,0.20
CGPLLU596P,0.14
CGPLLU389P,0.06
CGPLLU516P,1.00
CGPLLU575P,0.05
CGPLLU391P,0.10
CGPLLU299P,0.73
CGPLLU408P,1.00
CGPLLU479P,0.31
CGPLLU429P,1.00
CGPLLU620P,0.21
CGPLLU453P,0.09
CGPLLU599P,0.61
CGPLLU504P,1.00
CGPLLU551P,0.64
CGPLLU543P,1.00
CGPLLU623P,0.21
CGPLLU633P,0.08
CGPLLU600P,0.20
CGPLLU515P,0.10
CGPLLU546P,0.08
CGPLLU531P,1.00
CGPLLU446P,0.13
CGPLLU501P,1.00
CGPLLU632P,0.58
CGPLLU534P,0.34
CGPLLU439P,1.00
CGPLLU390P,1.00
CGPLLU583P,0.09
CGPLLU622P,1.00
CGPLLU567P,0.14
CGPLLU593P,0.12
CGPLLU604P,0.90
CGPLLU393P,0.04
CGPLLU435P,0.31
CGPLLU475P,0.28
CGPLLU291P,0.23
CGPLLU549P,0.07
CGPLLU618P,0.26
CGPLLU313P,1.00
CGPLLU405P,0.23
CGPLLU500P,1.00
CGPLLU625P,1.00
CGPLLU602P,0.11
CGPLLU580P,0.38
CGPLLU548P,0.11
CGPLLU306P,1.00
CGPLLU624P,0.18
CGPLLU294P,1.00
CGPLLU463P,0.40
CGPLLU312P,0.32
CGPLLU536P,0.17
CGPLLU319P,0.23
CGPLLU445P,0.09
CGPLLU373P,0.28
CGPLLU377P,0.25
CGPLLU469P,1.00
CGPLLU576P,0.21
CGPLLU581P,0.23
CGPLLU578P,0.66
CGPLLU584P,0.51
CGPLLU590P,0.05
CGPLLU431P,1.00
CGPLLU480P,1.00
CGPLLU573P,0.21
CGPLLU505P,1.00
CGPLLU512P,0.11
CGPLLU392P,1.00
CGPLLU440P,0.07
CGPLLU545P,0.13
CGPLLU476P,0.11
CGPLLU284P,1.00
CGPLLU451P,0.10
CGPLLU554P,0.07
CGPLLU274P,0.37
CGPLLU607P,0.53
CGPLLU621P,0.32
CGPLLU568P,0.50
CGPLLU490P,0.32
CGPLLU594P,1.00
CGPLLU335P,1.00
CGPLLU287P,0.21
CGPLLU343P,1.00
CGPLLU370P,0.07
CGPLLU432P,0.08
CGPLLU588P,1.00
CGPLLU493P,0.05
CGPLLU614P,0.23
CGPLLU481P,0.63
CGPLLU328P,0.45
CGPLLU414P,1.00
CGPLLU537P,0.55
CGPLLU467P,0.69
CGPLLU609P,0.36
CGPLLU347P,1.00
CGPLLU526P,1.00
CGPLLU404P,1.00
CGPLLU286P,0.17
CGPLLU296P,0.39
CGPLLU321P,0.63
CGPLLU428P,0.15
CGPLLU417P,1
CGPLLU415P,0.34
CGPLLU533P,0.27
CGPLH385P_2,NA
CGPLH327P_2,NA
CGPLH361P_2,NA
CGPLH388P_2,NA
CGPLH329P_2,NA
CGPLH403P_2,NA
CGPLH405P_2,NA
CGPLH411P_2,NA
CGPLH417P_2,NA
CGPLH408P_2,NA
CGPLH643P_2,NA
CGPLH646P_2,NA
CGPLH351P_2,NA
CGPLH358P_2,NA
CGPLH383P_2,NA
CGPLH431P_2,NA
CGPLH432P_2,NA
CGPLH435P_2,NA
CGPLH437P_2,NA
CGPLH438P_2,NA
CGPLH439P_2,NA
CGPLH440P_2,NA
CGPLH446P_2,NA
CGPLH458P_2,NA
CGPLH463P_2,NA
CGPLH464P_2,NA
CGPLH467P_2,NA
CGPLH468P_2,NA
CGPLH471P_2,NA
CGPLH472P_2,NA
CGPLH473P_2,NA
CGPLH476P_2,NA
CGPLH481P_2,NA
CGPLH487P_2,NA
CGPLH488P_2,NA
CGPLH491P_2,NA
CGPLH496P_2,NA
CGPLH501P_2,NA
CGPLH505P_2,NA
CGPLH516P_2,NA
CGPLH520P_2,NA
CGPLH571P_1,0.18
CGPLH572P_1,0.43
CGPLH573P_1,0.02
CGPLH574P_1,0.11
CGPLH575P_1,0.15
CGPLH576P_1,0.50
CGPLH577P_1,0.07
CGPLH578P_1,0.13
CGPLH579P_1,0.25
CGPLH580P_1,0.51
CGPLH581P_1,0.21
CGPLH582P_1,0.81
CGPLH583P_1,0.17
CGPLH584P_1,0.21
CGPLH585P_1,0.03
CGPLH586P_1,0.02
CGPLH587P_1,0.20
CGPLH588P_1,0.05
CGPLH589P_1,0.06
CGPLH590P_1,0.07
CGPLH805P,0.08
CGPLH806P,0.91
CGPLH807P,0.32
CGPLH808P,0.51
CGPLH809P,0.12
CGPLH811P,0.04
CGPLH812P,0.22
CGPLH813P,0.31
CGPLH814P,0.25
CGPLH815P,0.13
CGPLH591P_1,0.02
CGPLH592P_1,0.29
CGPLH593P_1,0.04
CGPLH594P_1,0.10
CGPLH595P_1,0.20
CGPLH596P_1,0.12
CGPLH597P_1,0.15
CGPLH598P_1,0.10
CGPLH599P_1,0.24
CGPLH600P_1,0.13
CGPLH601P_1,0.33
CGPLH602P_1,0.39
CGPLH603P_1,0.30
CGPLH604P_1,0.20
CGPLH605P_1,0.35
CGPLH606P_1,0.16
CGPLH607P_1,0.08
CGPLH610P_1,0.17
CGPLH611P_1,0.04
CGPLH612P_1,0.15
CGPLH816P,0.36
CGPLH817P,0.15
CGPLH818P,0.20
CGPLH819P,0.22
CGPLH820P,0.26
CGPLH821P,0.16
CGPLH822P,0.23
CGPLH823P,0.17
CGPLH824P,0.63
CGPLH825P,0.71
CGPLH826P,0.19
CGPLH829P,0.16
CGPLH841P,0.31
CGPLH843P,0.14
CGPLH844P,0.18
CGPLH845P,0.20
CGPLH846P,0.10
CGPLH847P,0.03
CGPLH848P,0.07
CGPLH849P,0.18
CGPLH614P_1,0.18
CGPLH615P_1,0.37
CGPLH616P_1,0.45
CGPLH616P_2,0.32
CGPLH619P_1,0.31
CGPLH621P_1,0.38
CGPLH622P_1,0.06
CGPLH827P,0.07
CGPLH828P,0.36
CGPLH835P,0.29
CGPLH836P,0.40
CGPLH831P,0.16
CGPLH832P,0.39
CGPLH834P,0.12
CGPLH837P,0.08
CGPLH838P,0.25
CGPLH839P,0.15
CGPLH840P,0.06
CGPLH851P,0.07
CGPLH853P,0.05
CGPLH857P,0.35
CGPLH608P_1,0.21
CGPLH613P_1,0.80
CGPLH620P_1,0.41
CGPLH623P_1,0.31
CGPLH830P,0.28
CGPLH833P,0.03
CGPLH658P_1,0.01
CGPLH659P_1,0.04
CGPLH861P,0.01
CGPLH863P,0.17
CGPLH624P_1,0.05
CGPLH628P_1,0.21
CGPLH629P_1,0.09
CGPLH630P_1,0.69
CGPLH631P_1,0.06
CGPLH632P_1,0.12
CGPLH633P_1,0.17
CGPLH634P_1,0.02
CGPLH635P_1,0.12
CGPLH636P_1,0.04
CGPLH637P_1,0.28
CGPLH638P_1,0.03
CGPLH641P_1,0.26
CGPLH641P_2,0.24
CGPLH645P_1,0.07
CGPLH647P_1,0.12
CGPLH647P_2,0.25
CGPLH648P_1,0.14
CGPLH649P_1,0.05
CGPLH650P_1,0.17
CGPLH651P_1,0.14
CGPLH902P,0.21
CGPLH903P,0.08
CGPLH904P,0.95
CGPLH905P,0.10
CGPLH906P,0.08
CGPLH693P_1,0.03
CGPLH694P_1,0.37
CGPLH695P_1,0.19
CGPLH696P_1,0.69
CGPLH697P_1,0.04
CGPLLU253P,0.69
CGPLH913P,0.31
CGPLH914P,0.43
CGPLH915P,0.19
CGPLH917P,0.03
CGPLH918P,0.03
CGPLH704P_1,0.41
CGPLH705P_1,0.05
CGPLH706P_1,0.20
CGPLH707P_1,0.33
CGPLH655P_1,0.07
CGPLH656P_1,0.01
CGPLH657P_1,0.03
CGPLH907P,0.08
CGPLH908P,0.14
CGPLH909P,0.02
CGPLH910P,0.35
CGPLH911P,0.27
CGPLH698P_1,0.19
CGPLH699P_1,0.08
CGPLH700P_1,0.12
CGPLH701P_1,0.48
CGPLH702P_1,0.14
CGPLLU5P,0.33
CGPLH652P_1,0.06
CGPLH889P,0.02
CGPLH890P,0.04
CGPLH891P,0.07
CGPLH892P,0.01
CGPLH893P,0.05
CGPLH660P_1,0.18
CGPLH661P_1,0.01
CGPLH685P_1,0.28
CGPLH686P_1,0.28
CGPLH687P_1,0.11
CGPLLU231P,0.99
CGPLLU232P,0.91
CGPLLU233P,1.00
CGPLLU234P,1.00
CGPLLU241P,0.17
CGPLH894P,0.35
CGPLH895P,0.61
CGPLH897P,0.07
CGPLH899P,0.02
CGPLH901P,0.53
CGPLH688P_1,0.15
CGPLH689P_1,0.45
CGPLH690P_1,0.07
CGPLH691P_1,0.71
CGPLH692P_1,0.22
CGPLLU247P,0.43
CGPLLU248P,1.00
CGPLLU249P,0.60
CGPLLU250P,0.20
CGPLLU251P,0.88
CGPLH919P,0.02
CGPLH920P,0.13
CGPLH921P,0.29
CGPLH922P,0.04
CGPLH923P,0.26
CGPLH708P_1,0.52
CGPLH709P_1,0.07
CGPLH710P_1,0.10
CGPLH711P_1,0.59
CGPLH712P_1,0.06
CGPLH653P_1,0.20
CGPLLU220P,0.80
CGPLLU221P,0.15
CGPLH912P,0.13
CGPLH924P,0.39
CGPLH925P,0.13
CGPLH926P,0.13
CGPLH927P,0.40
CGPLH713P_1,0.04
CGPLH714P_1,0.86
CGPLH715P_1,0.55
CGPLH716P_1,0.23
CGPLH717P_1,0.19
CGPLH728P_1,0.49
CGPLH735P_1,0.08
CGPLH900P,0.00
CGPLH736P_1,0.97
CGPLH718P_1,0.06
CGPLH719P_1,0.06
CGPLH720P_1,0.08
CGPLH721P_1,0.39
CGPLH722P_1,0.04
CGPLLU225P,0.71
CGPLLU226P,0.55
CGPLLU223P,0.82
CGPLLU224P,0.87
CGPLH877P,0.10
CGPLH882P,0.09
CGPLH883P,0.24
CGPLH886P,0.13
CGPLH723P_1,0.06
CGPLH724P_1,0.37
CGPLH725P_1,0.11
CGPLH726P_1,0.29
CGPLH727P_1,0.17
CGPLLU254P,0.78
CGPLLU219P,0.32
CGPLH662P_1,0.16
CGPLH663P_1,0.08
CGPLH664P_1,0.58
CGPLH665P_1,0.17
CGPLH666P_1,0.11
CGPLH667P_1,0.05
CGPLH668P_1,0.52
CGPLH669P_1,0.04
CGPLH670P_1,0.28
CGPLH671P_1,0.05
CGPLH864P,0.03
CGPLH868P,0.04
CGPLH870P,0.14
CGPLH871P,0.08
CGPLH873P,0.24
CGPLH672P_1,0.00
CGPLH673P_1,0.21
CGPLH674P_1,0.21
CGPLH675P_1,0.08
CGPLH676P_1,0.09
CGPLH875P,0.06
CGPLH876P,0.06
CGPLH878P,0.12
CGPLH880P,0.13
CGPLH881P,0.21
CGPLH677P_1,0.31
CGPLH678P_1,0.13
CGPLH679P_1,0.08
CGPLH680P_1,0.02
CGPLH681P_1,0.17
CGPLLU227P,0.13
CGPLLU228P,0.37
CGPLLU229P,0.40
CGPLLU230P,0.46
CGPLH887P,0.07
CGPLH888P,0.23
CGPLH729P_1,0.25
CGPLH730P_1,0.42
CGPLH731P_1,0.06
CGPLH732P_1,0.01
CGPLH734P_1,0.15
CGPLH884P,0.02
CGPLH928P,0.08
CGPLH936P,0.18
CGPLH937P,0.10
CGPLH938P,0.06
CGPLH939P,0.12
CGPLH940P,0.31
CGPLH949P,0.20
CGPLH950P,0.33
CGPLH951P,0.27
CGPLH952P,0.11
CGPLH953P,0.04
CGPLH929P,0.08
CGPLH930P,0.06
CGPLH941P,0.14
CGPLH942P,0.10
CGPLH943P,0.07
CGPLH916P,0.02
CGPLH944P,0.16
CGPLH945P,0.05
CGPLH946P,0.08
CGPLH947P,0.03
CGPLH948P,0.02
CGPLH289P_2,NA
CGPLH290P_2,NA
CGPLH291P_2,NA
CGPLH292P_2,NA
CGPLH293P_2,NA
CGPLH954P,0.09
CGPLH955P,0.19
CGPLH956P,0.16
CGPLH957P,0.45
CGPLH958P,0.15
CGPLH959P,0.97
CGPLH960P,0.04
CGPLH961P,0.21
CGPLH962P,0.31
CGPLH963P,0.02
CGPLH577P_2,0.00
CGPLH332P_2,NA
CGPLH334P_2,NA
CGPLH964P,0.09
CGPLH965P,0.09
CGPLH966P,0.20
CGPLH967P,0.12
CGPLH968P,0.06
CGPLH969P,0.06
CGPLH970P,0.05
CGPLH971P,0.11
CGPLH972P,0.04
CGPLH737P_1,0.14
CGPLH973P,0.17
CGPLH974P,0.07
CGPLH975P,0.73
CGPLH976P,0.02
CGPLH977P,0.15
CGPLH978P,0.37
CGPLH294P_2,NA
CGPLH295P_2,NA
CGPLH296P_2,NA
CGPLH547P_1,0.21
CGPLH979P,0.23
CGPLH980P,0.08
CGPLH981P,0.09
CGPLH999P,0.30
CGPLH1000P,0.26
CGPLH1001P,0.17
CGPLH1002P,0.27
CGPLH1003P,0.30
CGPLH297P_2,NA
CGPLH298P_2,NA
CGPLH551P_1,0.11
CGPLH627P_2,NA
CGPLH982P,0.57
CGPLH983P,0.21
CGPLH984P,0.40
CGPLH1004P,0.26
CGPLH1005P,0.03
CGPLH1008P,0.10
CGPLH1009P,0.19
CGPLH743P_1,0.38
CGPLH744P_1,0.13
CGPLH683P_1,0.58
CGPLH985P,0.18
CGPLH986P,0.10
CGPLH987P,0.03
CGPLH733P_1,0.28
CGPLH738P_1,0.59
CGPLH739P_1,0.39
CGPLH988P,0.28
CGPLH989P,0.32
CGPLH990P,0.07
CGPLH740P_1,0.82
CGPLH741P_1,0.11
CGPLH742P_1,0.21
CGPLH991P,0.08
CGPLH992P,0.09
CGPLH993P,0.04
CGPLH1013P,0.15
CGPLH1014P,0.40
CGPLH1015P,0.12
CGPLH748P_1,0.37
CGPLH749P_1,0.09
CGPLH750P_1,0.37
CGPLH751P_1,0.40
CGPLH752P_1,0.18
CGPLH753P_1,0.51
CGPLH754P_1,0.17
CGPLH1016P,0.03
CGPLH1017P,0.06
CGPLH1018P,0.08
CGPLH755P_1,0.02
CGPLH756P_1,0.13
CGPLH757P_1,0.06
CGPLH758P_1,0.43
CGPLH1006P,0.21
CGPLH1007P,0.01
CGPLH1010P,0.11
CGPLH1011P,0.28
CGPLH745P_1,0.52
CGPLH746P_1,0.02
CGPLH747P_1,0.07
CGPLH994P,0.11
CGPLH995P,0.06
CGPLH996P,0.14
CGPLH759P_1,0.45
CGPLH760P_1,0.04
CGPLH761P_1,0.15
CGPLH997P,0.04
CGPLH998P,0.15
CGPLH1012P,0.29
CGPLH1019P,0.10
CGPLH1020P,0.06
CGPLH1021P,0.06
CGPLH1022P,0.17
CGPLH762P_1,0.31
CGPLH763P_1,0.07
CGPLH765P_1,0.21
CGPLH766P_1,0.69
CGPLH767P_1,0.27
CGPLH1023P,0.10
CGPLH1024P,0.06
CGPLH1025P,0.14
CGPLH1027P,0.33
CGPLH1028P,0.04
CGPLH768P_1,0.18
CGPLH769P_1,0.25
CGPLLU1P,0.91
CGPLLU2P,0.35
CGPLLU3P,0.80
CGPLLU4P,0.08
CGPLLU6P,0.42
CGPLLU20P,0.14
CGPLLU21P,0.05
CGPLLU22P,0.94
CGPLLU23P,0.06
CGPLLU26P,0.99
CGPLLU27P,0.32
CGPLLU28P,0.61
CGPLLU29P,0.09
CGPLLU30P,0.92
CGPLLU63P,0.04
CGPLLU64P,0.67
CGPLLU118P,0.31
CGPLLU146P,0.98
CGPLLU204P,0.29
CGPLLU216P,0.13
CGPLLU217P,0.01
CGPLLU218P,0.45